model,accuracy,precision,recall,f1,f2,specificity,roc_auc,pr_auc,tn,fp,fn,tp
Random Forest baseline,0.9473684210526315,1.0,0.8571428571428571,0.9230769230769231,0.8823529411764706,1.0,0.9966931216931219,0.9946372463207034,72,0,6,36
Random Forest otimizada por GA,0.9473684210526315,0.95,0.9047619047619048,0.926829268292683,0.9134615384615384,0.9722222222222222,0.9958664021164021,0.9922928867315145,70,2,4,38
