model,accuracy,precision,recall,f1,f2,specificity,roc_auc,pr_auc,tn,fp,fn,tp
Random Forest baseline,0.9473684210526315,1.0,0.8571428571428571,0.9230769230769231,0.8823529411764706,1.0,0.9966931216931219,0.9946372463207034,72,0,6,36
Random Forest otimizada por GA,0.956140350877193,0.9743589743589743,0.9047619047619048,0.9382716049382716,0.9178743961352657,0.9861111111111112,0.9970238095238095,0.9951137197124669,71,1,4,38
