model,accuracy,precision,recall,f1,f2,specificity,roc_auc,pr_auc,tn,fp,fn,tp
Random Forest baseline,0.9473684210526315,1.0,0.8571428571428571,0.9230769230769231,0.8823529411764706,1.0,0.9966931216931219,0.9946372463207034,72,0,6,36
Random Forest otimizada por GA,0.9736842105263158,1.0,0.9285714285714286,0.9629629629629629,0.9420289855072463,1.0,0.9970238095238095,0.9953356697188237,72,0,3,39
